MSE_Azimuth,MSE_Elevation
6.506566275394809e-05,0.00044964112087872627
