MSE_Azimuth,MSE_Elevation
6.449605548540232e-05,0.00044428208662010865
