MSE_Azimuth,MSE_Elevation
6.465076477098192e-05,0.0004437243720708022
