MSE_Azimuth,MSE_Elevation
6.495964757363856e-05,0.00044725351869212625
