MSE_Azimuth,MSE_Elevation
6.553566671559769e-05,0.00045040463550948597
