MSE_Azimuth,MSE_Elevation
6.470229775843103e-05,0.00044359115815648255
