MSE_Azimuth,MSE_Elevation
6.557609175407145e-05,0.00045005776820667835
