MSE_Azimuth,MSE_Elevation
6.545227059957681e-05,0.0004502643414634598
