MSE_Azimuth,MSE_Elevation
6.573156841504608e-05,0.00045230375837684893
