MSE_Azimuth,MSE_Elevation
6.497606620638141e-05,0.00044662149789235
