MSE_Azimuth,MSE_Elevation
6.62130968134603e-05,0.0004530748159029796
