MSE_Azimuth,MSE_Elevation
6.496752076666166e-05,0.00044730757389003356
