MSE_Azimuth,MSE_Elevation
6.50711585707295e-05,0.0004452416622770474
