MSE_Azimuth,MSE_Elevation
6.59700836653889e-05,0.00045275579248936493
