MSE_Azimuth,MSE_Elevation
6.498432878222146e-05,0.00044740758562857963
