MSE_Azimuth,MSE_Elevation
6.499809091057118e-05,0.00044746956783933933
