MSE_Azimuth,MSE_Elevation
6.501875202059768e-05,0.0004473620447185945
