MSE_Azimuth,MSE_Elevation
6.621886531188536e-05,0.00045315613653407926
