MSE_Azimuth,MSE_Elevation
6.446139283733461e-05,0.00044419087617619666
