MSE_Azimuth,MSE_Elevation
6.504160119785914e-05,0.00044733585824283594
