MSE_Azimuth,MSE_Elevation
6.498024027386385e-05,0.0004436213195355759
