MSE_Azimuth,MSE_Elevation
6.447528006612393e-05,0.00044423591992002315
