MSE_Azimuth,MSE_Elevation
6.560245125056719e-05,0.00044544760597283904
