MSE_Azimuth,MSE_Elevation
6.620838380061226e-05,0.0004532458596410942
