MSE_Azimuth,MSE_Elevation
6.528926916369398e-05,0.000446466808967596
