MSE_Azimuth,MSE_Elevation
6.575923174159384e-05,0.0004535072324738572
