MSE_Azimuth,MSE_Elevation
6.551712701556558e-05,0.00045015901369756175
