MSE_Azimuth,MSE_Elevation
6.55237956168113e-05,0.00044582872171856496
