MSE_Azimuth,MSE_Elevation
6.610416627812873e-05,0.0004528738370900603
