MSE_Azimuth,MSE_Elevation
6.52320468291478e-05,0.00044862672251812366
