MSE_Azimuth,MSE_Elevation
6.459651137534211e-05,0.00044442992473061325
