MSE_Azimuth,MSE_Elevation
6.571447090595234e-05,0.0004494294525752538
