MSE_Azimuth,MSE_Elevation
6.538285856515096e-05,0.00045037013597391573
