MSE_Azimuth,MSE_Elevation
6.500714581018136e-05,0.0004474817930623011
