MSE_Azimuth,MSE_Elevation
6.510908525711134e-05,0.00044726940992706764
