MSE_Azimuth,MSE_Elevation
6.567008700433424e-05,0.00045343130569884164
