MSE_Azimuth,MSE_Elevation
6.500264729014702e-05,0.0004464434478082018
