MSE_Azimuth,MSE_Elevation
6.555562099681254e-05,0.000451138939878594
