MSE_Azimuth,MSE_Elevation
6.593584399203892e-05,0.000453523496876291
