MSE_Azimuth,MSE_Elevation
6.47438013631045e-05,0.0004444977722951594
