MSE_Azimuth,MSE_Elevation
6.57640797369652e-05,0.0004495942261956621
