MSE_Azimuth,MSE_Elevation
6.56427269441243e-05,0.00044938373282058165
