MSE_Azimuth,MSE_Elevation
6.549373009361057e-05,0.00044934004916938574
