MSE_Azimuth,MSE_Elevation
6.464124271338783e-05,0.00044444935183167125
