MSE_Azimuth,MSE_Elevation
6.562814864907314e-05,0.00044996246233671843
