MSE_Azimuth,MSE_Elevation
6.507592446720465e-05,0.000447308684809998
