MSE_Azimuth,MSE_Elevation
6.515880144365588e-05,0.00044589964731555547
