MSE_Azimuth,MSE_Elevation
6.524015386395687e-05,0.0004451972068024077
