MSE_Azimuth,MSE_Elevation
6.497603121556192e-05,0.0004473586988686846
