MSE_Azimuth,MSE_Elevation
6.51098908327669e-05,0.0004501434795893579
