MSE_Azimuth,MSE_Elevation
6.567250405426387e-05,0.00044987401800815113
