MSE_Azimuth,MSE_Elevation
6.452758220303101e-05,0.0004439426717812302
