MSE_Azimuth,MSE_Elevation
6.516570692632416e-05,0.0004474081493577821
