MSE_Azimuth,MSE_Elevation
6.527602721013358e-05,0.00044885101488550776
