MSE_Azimuth,MSE_Elevation
6.49297834968346e-05,0.000443454361453981
