MSE_Azimuth,MSE_Elevation
6.445455415090616e-05,0.00044414687838230155
