MSE_Azimuth,MSE_Elevation
6.521438803758475e-05,0.00044692042912866344
