MSE_Azimuth,MSE_Elevation
6.557749620640524e-05,0.00044508502372398514
