MSE_Azimuth,MSE_Elevation
6.576458589259662e-05,0.00044954272187732873
