MSE_Azimuth,MSE_Elevation
6.55880213660964e-05,0.00045325894329659644
