MSE_Azimuth,MSE_Elevation
6.504292742410516e-05,0.00044469656334560336
