MSE_Azimuth,MSE_Elevation
6.475757965291789e-05,0.00044348819435661974
