MSE_Azimuth,MSE_Elevation
6.516976893722617e-05,0.00045034178121146546
