MSE_Azimuth,MSE_Elevation
6.501981732624321e-05,0.00044398969755825535
