MSE_Azimuth,MSE_Elevation
6.479982171325228e-05,0.00044455044416594013
