MSE_Azimuth,MSE_Elevation
6.558660725468487e-05,0.0004471261756472865
