MSE_Azimuth,MSE_Elevation
6.501411058825588e-05,0.00044739930529952965
