MSE_Azimuth,MSE_Elevation
6.452341814332635e-05,0.00044432958842333825
