MSE_Azimuth,MSE_Elevation
6.53814887203956e-05,0.0004491586754137833
