MSE_Azimuth,MSE_Elevation
6.560402916751529e-05,0.0004461405471761411
