MSE_Azimuth,MSE_Elevation
6.516578317619787e-05,0.0004462818954909467
