MSE_Azimuth,MSE_Elevation
6.504744043249306e-05,0.00044585584056697816
