MSE_Azimuth,MSE_Elevation
6.50524433192677e-05,0.0004473214656603766
