MSE_Azimuth,MSE_Elevation
6.517544804758285e-05,0.0004479237974237321
