MSE_Azimuth,MSE_Elevation
6.608365838303076e-05,0.00045346273771002107
