MSE_Azimuth,MSE_Elevation
6.502421721761303e-05,0.0004450308593464805
