MSE_Azimuth,MSE_Elevation
6.49535096350362e-05,0.00044719404163699153
