MSE_Azimuth,MSE_Elevation
6.575456276024567e-05,0.00044965297708304635
