MSE_Azimuth,MSE_Elevation
6.515447817557037e-05,0.0004471676986743768
