MSE_Azimuth,MSE_Elevation
6.500314416638013e-05,0.000447472392943891
