MSE_Azimuth,MSE_Elevation
6.485747633909289e-05,0.00044462561043858654
