MSE_Azimuth,MSE_Elevation
6.469060181694562e-05,0.00044446473503889617
