MSE_Azimuth,MSE_Elevation
6.61398737063906e-05,0.0004534191283110822
