MSE_Azimuth,MSE_Elevation
6.537440664813757e-05,0.0004458619302045873
