MSE_Azimuth,MSE_Elevation
6.550943598389044e-05,0.00044494298640438144
