MSE_Azimuth,MSE_Elevation
6.446244178726712e-05,0.0004440617503200903
