MSE_Azimuth,MSE_Elevation
6.546683871538126e-05,0.00044457060216473423
