MSE_Azimuth,MSE_Elevation
6.619141060255913e-05,0.00045300144526913035
