MSE_Azimuth,MSE_Elevation
6.50105686527447e-05,0.0004474533080776915
