MSE_Azimuth,MSE_Elevation
6.504166282046194e-05,0.0004462256280293738
