MSE_Azimuth,MSE_Elevation
6.573942282439411e-05,0.00044946070089995336
