MSE_Azimuth,MSE_Elevation
6.540203032479517e-05,0.000444568257550873
