MSE_Azimuth,MSE_Elevation
6.575626831728481e-05,0.00044949832262358377
