MSE_Azimuth,MSE_Elevation
6.553911813665406e-05,0.0004494349606088365
