MSE_Azimuth,MSE_Elevation
6.584939782899076e-05,0.0004535303716465095
