MSE_Azimuth,MSE_Elevation
6.516515097125747e-05,0.000446821320404251
