MSE_Azimuth,MSE_Elevation
6.502569268125455e-05,0.00044733946810043314
