MSE_Azimuth,MSE_Elevation
6.565875779225386e-05,0.0004520362048057529
