MSE_Azimuth,MSE_Elevation
6.581097920690566e-05,0.0004525029184080807
