MSE_Azimuth,MSE_Elevation
6.516176325240284e-05,0.0004455990134095576
