MSE_Azimuth,MSE_Elevation
6.556022469259902e-05,0.0004482877802369459
