MSE_Azimuth,MSE_Elevation
6.455705773955854e-05,0.00044437873540279134
