MSE_Azimuth,MSE_Elevation
6.511038443654666e-05,0.0004454450409614663
