MSE_Azimuth,MSE_Elevation
6.57086027860888e-05,0.00044979286389525825
