MSE_Azimuth,MSE_Elevation
6.531073242584463e-05,0.0004504227096456785
