MSE_Azimuth,MSE_Elevation
6.481527847031951e-05,0.0004434215638752843
