MSE_Azimuth,MSE_Elevation
6.445488621631466e-05,0.0004441038273416582
