MSE_Azimuth,MSE_Elevation
6.44989505371671e-05,0.0004439809693510103
