MSE_Azimuth,MSE_Elevation
6.503636882654678e-05,0.00044732799276852203
