MSE_Azimuth,MSE_Elevation
6.54776248546553e-05,0.0004521966287426177
