MSE_Azimuth,MSE_Elevation
6.60418344728971e-05,0.0004528154103104844
