MSE_Azimuth,MSE_Elevation
6.487355291964852e-05,0.00044340277356021254
