MSE_Azimuth,MSE_Elevation
6.554745208754802e-05,0.00044935359324630217
