MSE_Azimuth,MSE_Elevation
6.514014495436785e-05,0.00044564937933688753
