MSE_Azimuth,MSE_Elevation
6.49519878322527e-05,0.0004469188541445823
