MSE_Azimuth,MSE_Elevation
6.559753452547313e-05,0.00044936740522081155
