MSE_Azimuth,MSE_Elevation
6.49504490967419e-05,0.000447056643229519
