MSE_Azimuth,MSE_Elevation
6.460399670360672e-05,0.0004438665881487962
