MSE_Azimuth,MSE_Elevation
6.456274077238679e-05,0.0004439063292634199
