MSE_Azimuth,MSE_Elevation
6.54584442702011e-05,0.0004453070648481428
