MSE_Azimuth,MSE_Elevation
6.573604619384288e-05,0.00044971915086637913
