MSE_Azimuth,MSE_Elevation
6.523847287969654e-05,0.0004504133647616974
