MSE_Azimuth,MSE_Elevation
6.499178103427296e-05,0.00044745464712856863
