MSE_Azimuth,MSE_Elevation
6.491529987081454e-05,0.00044472720050935935
