MSE_Azimuth,MSE_Elevation
6.497155293782232e-05,0.0004448604359984348
