MSE_Azimuth,MSE_Elevation
6.54656966524067e-05,0.0004509579159775852
