MSE_Azimuth,MSE_Elevation
6.548269144425672e-05,0.00044920664187057363
