MSE_Azimuth,MSE_Elevation
6.55981875203829e-05,0.00045166449510671724
