MSE_Azimuth,MSE_Elevation
6.615465018611077e-05,0.00045293499492598735
