MSE_Azimuth,MSE_Elevation
6.504320545167392e-05,0.00044871035973611563
