MSE_Azimuth,MSE_Elevation
6.495986878909371e-05,0.00044677619555588265
