MSE_Azimuth,MSE_Elevation
6.509465726162276e-05,0.0004459482636540417
