MSE_Azimuth,MSE_Elevation
6.55208304362783e-05,0.0004529076129871473
