MSE_Azimuth,MSE_Elevation
6.519772631010141e-05,0.0004483263118416343
