MSE_Azimuth,MSE_Elevation
6.532675096540404e-05,0.00044902265881641634
