MSE_Azimuth,MSE_Elevation
6.552867045465378e-05,0.00044503835612544487
