MSE_Azimuth,MSE_Elevation
6.601489836788912e-05,0.0004534987556392814
