MSE_Azimuth,MSE_Elevation
6.54378270586714e-05,0.00044927062314759894
