MSE_Azimuth,MSE_Elevation
6.568200258329492e-05,0.0004494040547084149
