MSE_Azimuth,MSE_Elevation
6.532331745721545e-05,0.000444816014852375
