MSE_Azimuth,MSE_Elevation
6.551029278453513e-05,0.0004473183407662564
