MSE_Azimuth,MSE_Elevation
6.589191852395039e-05,0.00045265727930394095
