MSE_Azimuth,MSE_Elevation
6.447716617961168e-05,0.0004440207262648744
