MSE_Azimuth,MSE_Elevation
6.618183962309812e-05,0.0004533441171513717
